beleza_saude,health,health_beauty
informatica_acessorios,computers,computers_accessories
automotivo,etc,auto
cama_mesa_banho,bed,bed_bath_table
moveis_decoracao,furniture,furniture_decor
esporte_lazer,sports,sports_leisure
perfumaria,perfumery,perfumery
utilidades_domesticas,home,housewares
telefonia,electronics,telephony
relogios_presentes,watches,watches_gifts
alimentos_bebidas,food,food_drink
bebes,baby,baby
papelaria,stationery,stationery
tablets_impressao_imagem,etc,tablets_printing_image
brinquedos,toys,toys
telefonia_fixa,electronics,fixed_telephony
ferramentas_jardim,home,garden_tools
fashion_bolsas_e_acessorios,fashion,fashion_bags_accessories
eletroportateis,etc,small_appliances
consoles_games,computers,consoles_games
audio,electronics,audio
fashion_calcados,fashion,fashion_shoes
cool_stuff,etc,cool_stuff
malas_acessorios,etc,luggage_accessories
climatizacao,etc,air_conditioning
construcao_ferramentas_construcao,construction,construction_tools_construction
moveis_cozinha_area_de_servico_jantar_e_jardim,kitchen,kitchen_dining_laundry_garden_furniture
construcao_ferramentas_jardim,construction,construction_tools_garden
fashion_roupa_masculina,fashion,fashion_male_clothing
pet_shop,pet,pet_shop
moveis_escritorio,furniture,office_furniture
market_place,etc,market_place
eletronicos,electronics,electronics
eletrodomesticos,home,home_appliances
artigos_de_festas,etc,party_supplies
casa_conforto,home,home_confort
construcao_ferramentas_ferramentas,construction,construction_tools_tools
agro_industria_e_comercio,etc,agro_industry_and_commerce
moveis_colchao_e_estofado,furniture,furniture_mattress_and_upholstery
livros_tecnicos,books,books_technical
casa_construcao,home,home_construction
instrumentos_musicais,etc,musical_instruments
moveis_sala,furniture,furniture_living_room
construcao_ferramentas_iluminacao,construction,construction_tools_lights
industria_comercio_e_negocios,etc,industry_commerce_and_business
alimentos,food,food
artes,etc,art
moveis_quarto,furniture,furniture_bedroom
livros_interesse_geral,books,books_general_interest
construcao_ferramentas_seguranca,construction,construction_tools_safety
fashion_underwear_e_moda_praia,fashion,fashion_underwear_beach
fashion_esporte,fashion,fashion_sport
sinalizacao_e_seguranca,etc,signaling_and_security
pcs,computers,computers
artigos_de_natal,etc,christmas_supplies
fashion_roupa_feminina,fashion,fashion_female_clothing
eletrodomesticos_2,home,home_appliances_2
livros_importados,books,books_imported
bebidas,food,beverage
cine_foto,etc,cine_photo
la_cuisine,food,la_cuisine
musica,etc,music
casa_conforto_2,home,home_comfort_2
portateis_casa_forno_e_cafe,home,small_appliances_home_oven_and_coffee
cds_dvds_musicais,etc,cds_dvds_musicals
dvds_blu_ray,etc,dvds_blu_ray
flores,etc,flowers
artes_e_artesanato,etc,arts_and_craftmanship
fraldas_higiene,home,diapers_and_hygiene
fashion_roupa_infanto_juvenil,fashion,fashion_childrens_clothes
seguros_e_servicos,etc,security_and_services